﻿<?xml version="1.0"?>
<doc>
<assembly>
<name>
HarunnaYahaya
</name>
</assembly>
<members>
<member name="P:HarunnaYahaya.My.Resources.Resources.ResourceManager">
	<summary>
  Returns the cached ResourceManager instance used by this class.
</summary>
</member><member name="P:HarunnaYahaya.My.Resources.Resources.Culture">
	<summary>
  Overrides the current thread's CurrentUICulture property for all
  resource lookups using this strongly typed resource class.
</summary>
</member><member name="P:HarunnaYahaya.My.Resources.Resources._001_29">
	<summary>
  Looks up a localized resource of type System.Drawing.Bitmap.
</summary>
</member><member name="P:HarunnaYahaya.My.Resources.Resources._29">
	<summary>
  Looks up a localized resource of type System.Drawing.Bitmap.
</summary>
</member><member name="P:HarunnaYahaya.My.Resources.Resources.Box_Up">
	<summary>
  Looks up a localized resource of type System.Drawing.Bitmap.
</summary>
</member><member name="P:HarunnaYahaya.My.Resources.Resources.Database">
	<summary>
  Looks up a localized resource of type System.Drawing.Bitmap.
</summary>
</member><member name="P:HarunnaYahaya.My.Resources.Resources.home">
	<summary>
  Looks up a localized resource of type System.Drawing.Bitmap.
</summary>
</member><member name="P:HarunnaYahaya.My.Resources.Resources.images">
	<summary>
  Looks up a localized resource of type System.Drawing.Bitmap.
</summary>
</member><member name="P:HarunnaYahaya.My.Resources.Resources.images__6_">
	<summary>
  Looks up a localized resource of type System.Drawing.Bitmap.
</summary>
</member><member name="P:HarunnaYahaya.My.Resources.Resources.index">
	<summary>
  Looks up a localized resource of type System.Drawing.Bitmap.
</summary>
</member><member name="P:HarunnaYahaya.My.Resources.Resources.menu_home">
	<summary>
  Looks up a localized resource of type System.Drawing.Bitmap.
</summary>
</member><member name="P:HarunnaYahaya.My.Resources.Resources.search_media22">
	<summary>
  Looks up a localized resource of type System.Drawing.Bitmap.
</summary>
</member><member name="P:HarunnaYahaya.My.Resources.Resources.ser">
	<summary>
  Looks up a localized resource of type System.Drawing.Bitmap.
</summary>
</member><member name="P:HarunnaYahaya.My.Resources.Resources.timerBG">
	<summary>
  Looks up a localized resource of type System.Drawing.Bitmap.
</summary>
</member><member name="T:HarunnaYahaya.My.Resources.Resources">
	<summary>
  A strongly-typed resource class, for looking up localized strings, etc.
</summary>
</member>
</members>
</doc>